Name,Product,Image,Product link
Apple IPhone 8 Plus 5.5'' 64GB+3GB 4G Smartphone (Refurbished) - Black,179000,https://ng.jumia.is/unsafe/fit-in/300x300/filters:fill(white)/product/52/334644/1.jpg?7465,/apple-iphone-8-plus-5.5-64gb3gb-4g-smartphone-refurbished-black-44643325.html
"Apple IPhone 8 4.7 Inch 64GB ROM+2GB RAM (Refurbished,99%New) 12MP+7MP-Grey",147900,https://ng.jumia.is/unsafe/fit-in/300x300/filters:fill(white)/product/12/405803/1.jpg?0921,/apple-iphone-8-4.7-inch-64gb-rom2gb-ram-refurbished99new-12mp7mp-grey-30850421.html
Apple IPhone 8 Mobile Phone - 64GB - 4.7 Inch IOS 11.0 - 12MP Camera - Smartphone - Gray,151000,https://ng.jumia.is/unsafe/fit-in/300x300/filters:fill(white)/product/47/208624/1.jpg?0547,/apple-iphone-8-mobile-phone-64gb-4.7-inch-ios-11.0-12mp-camera-smartphone-gray-42680274.html
"Apple IPhone 8 Plus 5.5-Inch HD (3GB,256GB ROM) IOS 11, 12MP + 7MP 4G Smartphone - Silver",348000,https://ng.jumia.is/unsafe/fit-in/300x300/filters:fill(white)/product/71/363021/1.jpg?0782,/iphone-8-plus-5.5-inch-hd-3gb256gb-rom-ios-11-12mp-7mp-4g-smartphone-silver-apple-mpg143228.html
Apple IPhone 5S 16GB+1GB- Gold- 4G - 4 Inch- 8 MP- Fingerprint Unlock(Gift：accessories)(Refurbished),27700,https://ng.jumia.is/unsafe/fit-in/300x300/filters:fill(white)/product/33/711214/1.jpg?1017,/apple-iphone-5s-16gb1gb-gold-4g-4-inch-8-mp-fingerprint-unlockgiftaccessoriesrefurbished-41211733.html
"Apple IPhone 8 Plus (64GB ROM, 3GB RAM) 5.5 Inch HD IOS 11.0 12MP Smartphone - Gray",181680,https://ng.jumia.is/unsafe/fit-in/300x300/filters:fill(white)/product/82/916833/1.jpg?0771,/apple-iphone-8-plus-64gb-rom-3gb-ram-5.5-inch-hd-ios-11.0-12mp-smartphone-gray-33861928.html
"Apple Apple IPhone 8 Plus 3GB + 64GB 5.5"" Finger Sensor 4G Smartphone (Refurbishment)-Red",200692,https://ng.jumia.is/unsafe/fit-in/300x300/filters:fill(white)/product/77/003605/1.jpg?3033,/apple-apple-iphone-8-plus-3gb-64gb-5.5-finger-sensor-4g-smartphonerefurbishment-red-50630077.html
"Apple IPhone 8 Plus 5.5-Inch HD (3GB, 256GB ROM) IOS 11, 12MP 4G Smartphone - Gold",230000,https://ng.jumia.is/unsafe/fit-in/300x300/filters:fill(white)/product/06/380942/1.jpg?2219,/apple-iphone-8-plus-5.5-inch-hd-3gb-256gb-rom-ios-11-12mp-4g-smartphone-gold-24908360.html
"Apple IPhone 8 Plus 5.5-Inch HD (3GB,64GB ROM) IOS 11, 12MP + 7MP 4G Smartphone - Space Grey (+ 1 Year Warranty)",260000,https://ng.jumia.is/unsafe/fit-in/300x300/filters:fill(white)/product/19/710632/1.jpg?3714,/iphone-8-plus-64gb-smartphone-space-grey-1-year-warranty-apple-mpg143232.html
"Apple IPhone 8 Plus 5.5-Inch HD (3GB,64GB ROM) IOS 11, 12MP + 7MP 4G Smartphone 5.5 Inch HD IOS 11.0 12MP 4G Smartphone - Gold",192100,https://ng.jumia.is/unsafe/fit-in/300x300/filters:fill(white)/product/50/078091/1.jpg?1196,/apple-iphone-8-plus-5.5-inch-hd-3gb64gb-rom-ios-11-12mp-7mp-4g-smartphone-5.5-inch-hd-ios-11.0-12mp-4g-smartphone-gold-19087005.html
"Apple IPhone 6 -(64GB ROM, 1GB) -8 MP -  4.7 Inch+4G Network +Fingerprint Refurbished Smartphone - Gold",4950049950,https://ng.jumia.is/unsafe/fit-in/300x300/filters:fill(white)/product/71/777122/1.jpg?8765,/iphone-6-64gb-rom-1gb-8-mp-4.7-inch4g-network-fingerprint-refurbished-smartphone-gold-apple-mpg1422370.html
"Apple IPhone 8 Plus 5.5-Inch HD (3GB,64GB ROM) IOS 11, 12MP + 7MP 4G Smartphone - Red",260000,https://ng.jumia.is/unsafe/fit-in/300x300/filters:fill(white)/product/25/063322/1.jpg?3253,/iphone-8-plus-64gb-smartphone-red-apple-mpg182658.html
"Apple Apple IPhone 8 Plus 5.5 Inch 64GB ROM+3GB RAM (Refurbished,Free Gift) 12MP+7MP-Red",193500,https://ng.jumia.is/unsafe/fit-in/300x300/filters:fill(white)/product/74/920965/1.jpg?6954,/apple-apple-iphone-8-plus-5.5-inch-64gb-rom3gb-ram-refurbishedfree-gift-12mp7mp-red-56902947.html
"Apple IPhone 8 Plus 5.5-Inch HD (3GB,64GB ROM) IOS 11, 12MP + 7MP 4G Smartphone 5.5 Inch HD IOS 11.0 12MP 4G Smartphone(Silver)",192100,https://ng.jumia.is/unsafe/fit-in/300x300/filters:fill(white)/product/47/444391/1.jpg?3976,/apple-iphone-8-plus-5.5-inch-hd-3gb64gb-rom-ios-11-12mp-7mp-4g-smartphone-5.5-inch-hd-ios-11.0-12mp-4g-smartphonesilver-19344474.html
"Apple IPhone 8 4.7-Inch HD (2GB,64GB ROM) IOS 11, 12MP + 7MP 4G Smartphone - Gold",180000,https://ng.jumia.is/unsafe/fit-in/300x300/filters:fill(white)/product/63/04117/1.jpg?9969,/iphone-8-64gb-gold-apple-mpg120198.html
"Apple IPhone 8 2GB + 64GB 4.7"" Finger Sensor 4G Smartphone (Refurbishment)-Red",146022,https://ng.jumia.is/unsafe/fit-in/300x300/filters:fill(white)/product/85/003605/1.jpg?5307,/apple-iphone-8-2gb-64gb-4.7-finger-sensor-4g-smartphonerefurbishment-red-50630058.html
"Apple IPhone 8 Plus 5.5-Inch HD (3GB, 64GB ROM) IOS 11, 12MP 4G Smartphone - Gold",182000,https://ng.jumia.is/unsafe/fit-in/300x300/filters:fill(white)/product/45/380942/1.jpg?2141,/iphone-8-plus-64gb-gold-apple-mpg272371.html
"Apple IPhone 8 4.7-Inch Fingerprint Sensor HD (2GB,64GB ROM) IOS 11, 12MP + 7MP 4G Smartphone -Silver",195000,https://ng.jumia.is/unsafe/fit-in/300x300/filters:fill(white)/product/53/484652/1.jpg?6957,/apple-iphone-8-4.7-inch-fingerprint-sensor-hd-2gb64gb-rom-ios-11-12mp-7mp-4g-smartphone-silver-25648435.html
Apple IPhone 5 - 16GB ROM +1GB RAM -8 MP- 4 Inch -  Apple Smartphones--black,23500,https://ng.jumia.is/unsafe/fit-in/300x300/filters:fill(white)/product/33/390934/1.jpg?4500,/apple-iphone-5-16gb-rom-1gb-ram-8-mp-4-inch-apple-smartphones-black-43909333.html
"Apple IPhone 8 Plus 5.5-Inch HD (3GB,64GB ROM) IOS 11, 12MP + 7MP 4G Smartphone 5.5 Inch HD IOS 11.0 12MP 4G Smartphone(Gray)",192100,https://ng.jumia.is/unsafe/fit-in/300x300/filters:fill(white)/product/37/344391/1.jpg?4557,/apple-iphone-8-plus-5.5-inch-hd-3gb64gb-rom-ios-11-12mp-7mp-4g-smartphone-5.5-inch-hd-ios-11.0-12mp-4g-smartphonegray-19344373.html
Apple IPhone 5S 64GB+1GB- Gold- 4G - 4 Inch- 8 MP- Fingerprint Unlock(Gift：accessories)(Refurbished）,39000,https://ng.jumia.is/unsafe/fit-in/300x300/filters:fill(white)/product/04/711214/1.jpg?1019,/apple-iphone-5s-64gb1gb-gold-4g-4-inch-8-mp-fingerprint-unlockgiftaccessoriesrefurbished-41211740.html
Apple IPhone 5 - 16GB ROM +1GB RAM -8 MP- 4 Inch - Apple Smartphones,19400,https://ng.jumia.is/unsafe/fit-in/300x300/filters:fill(white)/product/76/446514/1.jpg?9162,/apple-iphone-5-16gb-rom-1gb-ram-8-mp-4-inch-apple-smartphones-41564467.html
Apple IPhone 5 - 16GB ROM +1GB RAM -8 MP- 4 Inch - Apple Smartphones,19400,https://ng.jumia.is/unsafe/fit-in/300x300/filters:fill(white)/product/07/446514/1.jpg?2290,/apple-iphone-5-16gb-rom-1gb-ram-8-mp-4-inch-apple-smartphones-41564470.html
Apple IPhone 5S - 16GB+1GB -8 MP- 4 Inch -Fingerprint Unlock  Refurbished Smart Phone,29500,https://ng.jumia.is/unsafe/fit-in/300x300/filters:fill(white)/product/32/539612/1.jpg?3009,/apple-iphone-5s-16gb1gb-8-mp-4-inch-fingerprint-unlock-refurbished-smart-phone-21693523.html
Apple IPhone 5S 16GB - Gold- 4G - 4 Inch- 8 MP- Fingerprint Unlock(Gift：accessories)(Refurbished),27700,https://ng.jumia.is/unsafe/fit-in/300x300/filters:fill(white)/product/75/521574/1.jpg?0827,/apple-iphone-5s-16gb-gold-4g-4-inch-8-mp-fingerprint-unlockgiftaccessoriesrefurbished-47512557.html
Apple IPhone 5S 64GB+1GB- Silver- 4G - 4 Inch- 8 MP- Fingerprint Unlock(Gift：accessories)(Refurbished),39500,https://ng.jumia.is/unsafe/fit-in/300x300/filters:fill(white)/product/26/711214/1.jpg?1022,/apple-iphone-5s-64gb1gb-silver-4g-4-inch-8-mp-fingerprint-unlockgiftaccessoriesrefurbished-41211762.html
"Apple Refurbished  Iphone 5 Mobile Phone 32GB ROM IOS 4.0 ""8 Million Pixel Touch Screen ICloud WIFI GPS GPRS Unlock",51999,https://ng.jumia.is/unsafe/fit-in/300x300/filters:fill(white)/product/09/867891/1.jpg?7476,/apple-refurbished-iphone-5-mobile-phone-32gb-rom-ios-4.0-8-million-pixel-touch-screen-icloud-wifi-gps-gprs-unlock-19876890.html
"Apple Apple IPhone 6 -(64GB ROM, 1GB) -8 MP - 4.7 Inch+4G Network +Fingerprint Refurbished Smartphone",62000,https://ng.jumia.is/unsafe/fit-in/300x300/filters:fill(white)/product/25/659534/1.jpg?0832,/apple-apple-iphone-6-64gb-rom-1gb-8-mp-4.7-inch4g-network-fingerprint-refurbished-smartphone-43595652.html
Apple IPhone 5S 32GB+1GB- Gold- 4G - 4 Inch- 8 MP- Fingerprint Unlock(Gift：accessories)(Refurbished),34500,https://ng.jumia.is/unsafe/fit-in/300x300/filters:fill(white)/product/47/811214/1.jpg?1375,/apple-iphone-5s-32gb1gb-gold-4g-4-inch-8-mp-fingerprint-unlockgiftaccessoriesrefurbished-41211874.html
"Apple Apple IPhone 6 -(64GB ROM, 1GB) -8 MP - 4.7 Inch+4G Network +Fingerprint Refurbished Smartphone",62000,https://ng.jumia.is/unsafe/fit-in/300x300/filters:fill(white)/product/33/759534/1.jpg?0829,/apple-apple-iphone-6-64gb-rom-1gb-8-mp-4.7-inch4g-network-fingerprint-refurbished-smartphone-43595733.html
Apple IPhone 5S - 16GB+1GB -8 MP- 4 Inch -iOS Smart Phone,29000,https://ng.jumia.is/unsafe/fit-in/300x300/filters:fill(white)/product/43/186414/1.jpg?3717,/apple-iphone-5s-16gb1gb-8-mp-4-inch-ios-smart-phone-41468134.html
Apple IPhone 5 - 16GB ROM +1GB RAM -8 MP- 4 Inch - Apple Smartphones 95% New,20400,https://ng.jumia.is/unsafe/fit-in/300x300/filters:fill(white)/product/90/186414/1.jpg?3719,/apple-iphone-5-16gb-rom-1gb-ram-8-mp-4-inch-apple-smartphones-95-new-41468109.html
Apple IPhone 5S 16GB - Gold- 4G - 4 Inch- 8 MP- Fingerprint Unlock(Gift：accessories)(Refurbished),67700,https://ng.jumia.is/unsafe/fit-in/300x300/filters:fill(white)/product/72/454384/1.jpg?0286,/apple-iphone-5s-16gb-gold-4g-4-inch-8-mp-fingerprint-unlockgiftaccessoriesrefurbished-48345427.html
"Apple IPhone 8 4.7 Inch 64GB ROM+2GB RAM (Refurbished,99%New) 12MP+7MP-White",147500,https://ng.jumia.is/unsafe/fit-in/300x300/filters:fill(white)/product/91/147843/1.jpg?9544,/apple-iphone-8-4.7-inch-64gb-rom2gb-ram-refurbished99new-12mp7mp-white-34874119.html
"Apple IPhone 8 4.7 Inch 64GB ROM+2GB RAM (Refurbished,99%New) 12MP+7MP-Gold",148500,https://ng.jumia.is/unsafe/fit-in/300x300/filters:fill(white)/product/73/405803/1.jpg?7584,/apple-iphone-8-4.7-inch-64gb-rom2gb-ram-refurbished99new-12mp7mp-gold-30850437.html
"Apple IPhone 5C 4.0"" Dual Core 1GB RAM 8/16/32GB ROM 8MP WCDMA IOS Refurbished Mobile Phone - Yellow",2990037900,https://ng.jumia.is/unsafe/fit-in/300x300/filters:fill(white)/product/46/374342/1.jpg?0233,/apple-iphone-5c-4.0-dual-core-1gb-ram-81632gb-rom-8mp-wcdma-ios-refurbished-mobile-phone-yellow-24347364.html
Apple IPhone 5 - 16GB ROM +1GB RAM -8 MP- 4 Inch -  Apple Smartphones,23500,https://ng.jumia.is/unsafe/fit-in/300x300/filters:fill(white)/product/23/390934/1.jpg?9126,/apple-iphone-5-16gb-rom-1gb-ram-8-mp-4-inch-apple-smartphones-43909332.html
Apple IPhone 5S - 16GB+1GB -8 MP- 4 Inch - IOS Smart Phone,29000,https://ng.jumia.is/unsafe/fit-in/300x300/filters:fill(white)/product/23/186414/1.jpg?3766,/apple-iphone-5s-16gb1gb-8-mp-4-inch-ios-smart-phone-41468132.html
Apple Brand IPhone 8 64GB 3D Touch Technology 4.7 Inch IOS 11 Smartphone(Gold),230000,https://ng.jumia.is/unsafe/fit-in/300x300/filters:fill(white)/product/81/369023/1.jpg?9965,/apple-brand-iphone-8-64gb-3d-touch-technology-4.7-inch-ios-11-smartphonegold-32096318.html
Apple IPhone 5 - 32GB ROM +1GB RAM -8 MP- 4 Inch -  Apple Smartphones,23900,https://ng.jumia.is/unsafe/fit-in/300x300/filters:fill(white)/product/22/539612/1.jpg?4347,/apple-iphone-5-32gb-rom-1gb-ram-8-mp-4-inch-apple-smartphones-21693522.html
,,,
,,,
,,,
,,,
,,,
,,,
,,,
,,,
Name,Product,Image,Product link
Apple IPhone 5S 32GB+1GB- Silver- 4G - 4 Inch- 8 MP- Fingerprint Unlock(Gift：accessories)(Refurbished),34500,https://ng.jumia.is/unsafe/fit-in/300x300/filters:fill(white)/product/28/811214/1.jpg?1012,/apple-iphone-5s-32gb1gb-silver-4g-4-inch-8-mp-fingerprint-unlockgiftaccessoriesrefurbished-41211882.html
Apple IPhone 5 - 16GB ROM +1GB RAM -8 MP- 4 Inch - Apple Smartphones,19400,https://ng.jumia.is/unsafe/fit-in/300x300/filters:fill(white)/product/26/446514/1.jpg?7250,/apple-iphone-5-16gb-rom-1gb-ram-8-mp-4-inch-apple-smartphones-41564462.html
Apple IPhone 8 64GB 4.7 Inch IOS 11.0 12MP Camera Smartphone(Gold),190000,https://ng.jumia.is/unsafe/fit-in/300x300/filters:fill(white)/product/71/369023/1.jpg?9965,/apple-iphone-8-64gb-4.7-inch-ios-11.0-12mp-camera-smartphonegold-32096317.html
Apple IPhone 5 - 16GB ROM +1GB RAM -8 MP- 4 Inch - Apple Smartphones,20400,https://ng.jumia.is/unsafe/fit-in/300x300/filters:fill(white)/product/21/186414/1.jpg?3718,/apple-iphone-5-16gb-rom-1gb-ram-8-mp-4-inch-apple-smartphones-41468112.html
Apple IPhone 5S 64GB+1GB- Black- 4G - 4 Inch- 8 MP- Fingerprint Unlock(Gift：accessories)(Refurbished）,39000,https://ng.jumia.is/unsafe/fit-in/300x300/filters:fill(white)/product/16/811214/1.jpg?1376,/apple-iphone-5s-64gb1gb-black-4g-4-inch-8-mp-fingerprint-unlockgiftaccessoriesrefurbished-41211861.html
Apple IPhone 8 Plus 5.5'' 64GB+3GB 4G Smartphone (Refurbished) - Black,189000,https://ng.jumia.is/unsafe/fit-in/300x300/filters:fill(white)/product/86/034644/1.jpg?7106,/apple-iphone-8-plus-5.5-64gb3gb-4g-smartphone-refurbished-black-44643068.html
Apple IPhone 5 - 16GB ROM +1GB RAM -8 MP- 4 Inch - Apple Smartphones,20400,https://ng.jumia.is/unsafe/fit-in/300x300/filters:fill(white)/product/24/324993/1.jpg?4928,/apple-iphone-5-16gb-rom-1gb-ram-8-mp-4-inch-apple-smartphones-39942342.html
Apple IPhone 5 - 16GB ROM +1GB RAM -8 MP- 4 Inch - Apple Smartphones,20400,https://ng.jumia.is/unsafe/fit-in/300x300/filters:fill(white)/product/79/798693/1.jpg?3562,/apple-iphone-5-16gb-rom-1gb-ram-8-mp-4-inch-apple-smartphones-39689797.html
"Apple Refurbished  Iphone 5 Mobile Phone 16GB ROM IOS 4.0 ""8 Million Pixel Touch Screen ICloud WIFI GPS GPRS Unlock",46999,https://ng.jumia.is/unsafe/fit-in/300x300/filters:fill(white)/product/83/628891/1.jpg?1640,/apple-refurbished-iphone-5-mobile-phone-16gb-rom-ios-4.0-8-million-pixel-touch-screen-icloud-wifi-gps-gprs-unlock-19882638.html
Apple IPhone 5S 16GB+1GB- Silver- 4G - 4 Inch- 8 MP- Fingerprint Unlock(Gift：accessories)(Refurbished),27700,https://ng.jumia.is/unsafe/fit-in/300x300/filters:fill(white)/product/78/312974/1.jpg?9447,/apple-iphone-5s-16gb1gb-silver-4g-4-inch-8-mp-fingerprint-unlockgiftaccessoriesrefurbished-47921387.html
Apple IPhone 6 Plus -16GB+1GB - 5.5 Inch -8 MP+ Fingerprint  Smartphone,188000,https://ng.jumia.is/unsafe/fit-in/300x300/filters:fill(white)/product/01/501932/1.jpg?2976,/apple-iphone-6-plus-16gb1gb-5.5-inch-8-mp-fingerprint-smartphone-23910510.html
Apple  IPhone 5 - 16GB ROM +1GB RAM -8 MP- 4 Inch - IOS Smartphones,19400,https://ng.jumia.is/unsafe/fit-in/300x300/filters:fill(white)/product/57/446514/1.jpg?7250,/apple-iphone-5-16gb-rom-1gb-ram-8-mp-4-inch-ios-smartphones-41564475.html
"Apple IPhone 5C 4.0"" Dual Core 1GB RAM 8/16/32GB ROM 8MP WCDMA IOS Refurbished Mobile Phone - White",2990037900,https://ng.jumia.is/unsafe/fit-in/300x300/filters:fill(white)/product/96/374342/1.jpg?0367,/apple-iphone-5c-4.0-dual-core-1gb-ram-81632gb-rom-8mp-wcdma-ios-refurbished-mobile-phone-white-24347369.html
Apple IPhone 8 Plus 64GB 5.5 Inch HD IOS 11.0 12MP 4G Smartphone(Silver),268000,https://ng.jumia.is/unsafe/fit-in/300x300/filters:fill(white)/product/83/369023/1.jpg?0091,/apple-iphone-8-plus-64gb-5.5-inch-hd-ios-11.0-12mp-4g-smartphonesilver-32096338.html
"Apple IPhone 5C 4.0"" Dual Core 1GB RAM 8/16/32GB ROM 8MP WCDMA IOS Refurbished Mobile Phone - Blue",2990037900,https://ng.jumia.is/unsafe/fit-in/300x300/filters:fill(white)/product/16/374342/1.jpg?0169,/apple-iphone-5c-4.0-dual-core-1gb-ram-81632gb-rom-8mp-wcdma-ios-refurbished-mobile-phone-blue-24347361.html
Apple IPhone 5 - 16GB ROM +1GB RAM -8 MP- 4 Inch - Apple Smartphones,19400,https://ng.jumia.is/unsafe/fit-in/300x300/filters:fill(white)/product/64/186414/1.jpg?3716,/apple-iphone-5-16gb-rom-1gb-ram-8-mp-4-inch-apple-smartphones-41468146.html
"Apple IPhone 5C 4.0"" Dual Core 1GB RAM 8/16/32GB ROM 8MP WCDMA IOS Refurbished Mobile Phone - Green",2990037900,https://ng.jumia.is/unsafe/fit-in/300x300/filters:fill(white)/product/75/374342/1.jpg?0050,/apple-iphone-5c-4.0-dual-core-1gb-ram-81632gb-rom-8mp-wcdma-ios-refurbished-mobile-phone-green-24347357.html
Apple IPhone 5S 32GB- Black- 4G - 4 Inch- 8 MP- Fingerprint Unlock(Gift：accessories)(Refurbished),34900,https://ng.jumia.is/unsafe/fit-in/300x300/filters:fill(white)/product/34/711214/1.jpg?1016,/apple-iphone-5s-32gb-black-4g-4-inch-8-mp-fingerprint-unlockgiftaccessoriesrefurbished-41211743.html
"Apple IPhone 6 Plus - 5.5"" 4G Smartphone - Refurbished Smartphone - IOS 8 - 1GB/16GB - 8MP - Finger Sensor EU - Golden",116700,https://ng.jumia.is/unsafe/fit-in/300x300/filters:fill(white)/product/21/148411/1.jpg?1112,/apple-iphone-6-plus-5.5-4g-smartphone-refurbished-smartphone-ios-8-1gb16gb-8mp-finger-sensor-eu-golden-11484112.html
"Apple IPhone 8 Plus (64GB ROM, 3GB RAM) 5.5 Inch HD IOS 11.0 12MP Smartphone - Silver",181680,https://ng.jumia.is/unsafe/fit-in/300x300/filters:fill(white)/product/20/666624/1.jpg?3957,/apple-iphone-8-plus-64gb-rom-3gb-ram-5.5-inch-hd-ios-11.0-12mp-smartphone-silver-42666602.html
Apple IPhone 5S 16GB+1GB- Silver- 4G - 4 Inch- 8 MP- Fingerprint Unlock(Gift：accessories)(Refurbished）,27700,https://ng.jumia.is/unsafe/fit-in/300x300/filters:fill(white)/product/64/711214/1.jpg?1014,/apple-iphone-5s-16gb1gb-silver-4g-4-inch-8-mp-fingerprint-unlockgiftaccessoriesrefurbished-41211746.html
"Apple IPhone 6 - 4.7"" 4G Smartphone - Refurbished Smartphone - IOS 8 - 1GB/16GB - 8MP - Finger Sensor EU - Gray",87300,https://ng.jumia.is/unsafe/fit-in/300x300/filters:fill(white)/product/61/148411/1.jpg?1113,/apple-iphone-6-4.7-4g-smartphone-refurbished-smartphone-ios-8-1gb16gb-8mp-finger-sensor-eu-gray-11484116.html
"Apple IPhone 8 4.7-Inch HD (2GB, 256GB ROM) IOS 11, 12MP + 7MP 4G Smartphone - Silver",169000,https://ng.jumia.is/unsafe/fit-in/300x300/filters:fill(white)/product/96/220942/1.jpg?8566,/iphone-8-4.7-inch-fingerprint-sensor-hd-2gb256gb-rom-ios-11-12mp-7mp-4g-smartphone-silver-apple-mpg569701.html
"Apple IPhone 8 4.7-Inch HD (2GB, 256GB ROM) IOS 11, 12MP + 7MP 4G Smartphone - Gold",169000,https://ng.jumia.is/unsafe/fit-in/300x300/filters:fill(white)/product/08/220942/1.jpg?8565,/iphone-8-4.7-inch-hd-2gb256gb-rom-ios-11-12mp-7mp-4g-smartphone-gold-standard-back-case-tempered-glass-screen-protector-apple-mpg272368.html
"Apple IPhone 8 4.7-Inch HD (2GB,64GB ROM) IOS 11, 12MP + 7MP 4G Smartphone - Silver",145000,https://ng.jumia.is/unsafe/fit-in/300x300/filters:fill(white)/product/30/910942/1.jpg?8565,/apple-iphone-8-4.7-inch-hd-2gb64gb-rom-ios-11-12mp-7mp-4g-smartphone-silver-24901903.html
"Apple IPhone 8 Plus 5.5-Inch HD (3GB, 256GB ROM) IOS 11, 12MP 4G Smartphone - Silver",230000,https://ng.jumia.is/unsafe/fit-in/300x300/filters:fill(white)/product/95/380942/1.jpg?2195,/apple-iphone-8-plus-3gb-256gb-rom-ios-11-12mp-7mp-4g-silver-apple-mpg246439.html
"Apple IPhone 8 4.7-Inch HD (2GB, 256GB ROM) IOS 11, 12MP + 7MP 4G Smartphone - Grey",169000,https://ng.jumia.is/unsafe/fit-in/300x300/filters:fill(white)/product/60/120942/1.jpg?8565,/iphone-8-4.7-inch-fingerprint-sensor-hd-2gb256gb-rom-ios-11-12mp-7mp-4g-smartphone-grey-apple-mpg462678.html
"Apple IPhone 8 Plus 5.5-Inch HD (3GB, 256GB ROM) IOS 11, 12MP 4G Smartphone - Grey",230000,https://ng.jumia.is/unsafe/fit-in/300x300/filters:fill(white)/product/65/380942/1.jpg?2165,/iphone-8-plus-64gb-space-grey-1-year-warranty-apple-mpg229188.html
"Apple Iphone Charger & Earpiece 5,6,7,&8",10000,https://ng.jumia.is/unsafe/fit-in/300x300/filters:fill(white)/product/29/607961/1.jpg?7679,/iphone-charger-earpiece-5678-apple-mpg223099.html
"Apple IPhone 8 Plus (64GB ROM, 3GB RAM) 5.5 Inch HD IOS 11.0 12MP Smartphone - Silver",192100,https://ng.jumia.is/unsafe/fit-in/300x300/filters:fill(white)/product/61/005172/1.jpg?8627,/apple-iphone-8-plus-64gb-rom-3gb-ram-5.5-inch-hd-ios-11.0-12mp-smartphone-silver-27150016.html
"Apple Apple IPhone 8 Plus 5.5 Inch 64GB ROM+3GB RAM (Refurbished,Free Gift) 12MP+7MP-Gold",193500,https://ng.jumia.is/unsafe/fit-in/300x300/filters:fill(white)/product/47/310175/1.jpg?4985,/apple-apple-iphone-8-plus-5.5-inch-64gb-rom3gb-ram-refurbishedfree-gift-12mp7mp-gold-57101374.html
"Apple IPhone 8 2GB + 256GB 4.7"" Finger Sensor 4G Smartphone (Refurbishment)-Black",180087,https://ng.jumia.is/unsafe/fit-in/300x300/filters:fill(white)/product/56/003605/1.jpg?5307,/apple-iphone-8-2gb-256gb-4.7-finger-sensor-4g-smartphonerefurbishment-black-50630065.html
"Apple Apple IPhone 8 Plus 3GB + 256GB 5.5"" Finger Sensor 4G Smartphone (Refurbishment)-Silver",238447,https://ng.jumia.is/unsafe/fit-in/300x300/filters:fill(white)/product/69/003605/1.jpg?3033,/apple-apple-iphone-8-plus-3gb-256gb-5.5-finger-sensor-4g-smartphonerefurbishment-silver-50630096.html
"Apple Apple IPhone 8 Plus 3GB + 256GB 5.5"" Finger Sensor 4G Smartphone (Refurbishment)-Red",238447,https://ng.jumia.is/unsafe/fit-in/300x300/filters:fill(white)/product/88/003605/1.jpg?3033,/apple-apple-iphone-8-plus-3gb-256gb-5.5-finger-sensor-4g-smartphonerefurbishment-red-50630088.html
"Apple IPhone 8 2GB + 64GB 4.7"" Finger Sensor 4G Smartphone (Refurbishment)-Black",146022,https://ng.jumia.is/unsafe/fit-in/300x300/filters:fill(white)/product/16/003605/1.jpg?5307,/apple-iphone-8-2gb-64gb-4.7-finger-sensor-4g-smartphonerefurbishment-black-50630061.html
"Apple IPhone 8 2GB + 256GB 4.7"" Finger Sensor 4G Smartphone (Refurbishment)-Silver",180087,https://ng.jumia.is/unsafe/fit-in/300x300/filters:fill(white)/product/37/003605/1.jpg?5307,/apple-iphone-8-2gb-256gb-4.7-finger-sensor-4g-smartphonerefurbishment-silver-50630073.html
"Apple Apple IPhone 8 Plus 3GB + 64GB 5.5"" Finger Sensor 4G Smartphone (Refurbishment)-Black",200692,https://ng.jumia.is/unsafe/fit-in/300x300/filters:fill(white)/product/47/003605/1.jpg?3033,/apple-apple-iphone-8-plus-3gb-64gb-5.5-finger-sensor-4g-smartphonerefurbishment-black-50630074.html
"Apple Apple IPhone 8 Plus 3GB + 256GB 5.5"" Finger Sensor 4G Smartphone (Refurbishment)-Gold",238447,https://ng.jumia.is/unsafe/fit-in/300x300/filters:fill(white)/product/09/003605/1.jpg?3033,/apple-apple-iphone-8-plus-3gb-256gb-5.5-finger-sensor-4g-smartphonerefurbishment-gold-50630090.html
"Apple IPhone 8 2GB + 256GB 4.7"" Finger Sensor 4G Smartphone (Refurbishment)-Gold",180087,https://ng.jumia.is/unsafe/fit-in/300x300/filters:fill(white)/product/17/003605/1.jpg?5307,/apple-iphone-8-2gb-256gb-4.7-finger-sensor-4g-smartphonerefurbishment-gold-50630071.html
"Apple Apple IPhone 8 Plus 3GB + 64GB 5.5"" Finger Sensor 4G Smartphone (Refurbishment)-Gold",200692,https://ng.jumia.is/unsafe/fit-in/300x300/filters:fill(white)/product/18/003605/1.jpg?3033,/apple-apple-iphone-8-plus-3gb-64gb-5.5-finger-sensor-4g-smartphonerefurbishment-gold-50630081.html
,,,
,,,
,,,
,,,
,,,
,,,
,,,
,,,
Name,Product,Image,Product link
"Apple IPhone 8 2GB + 256GB 4.7"" Finger Sensor 4G Smartphone (Refurbishment)-Red",180087,https://ng.jumia.is/unsafe/fit-in/300x300/filters:fill(white)/product/96/003605/1.jpg?5307,/apple-iphone-8-2gb-256gb-4.7-finger-sensor-4g-smartphonerefurbishment-red-50630069.html
"Apple IPhone 8 2GB + 64GB 4.7"" Finger Sensor 4G Smartphone (Refurbishment)-Gold",146022,https://ng.jumia.is/unsafe/fit-in/300x300/filters:fill(white)/product/66/003605/1.jpg?5307,/apple-iphone-8-2gb-64gb-4.7-finger-sensor-4g-smartphonerefurbishment-gold-50630066.html
"Apple Apple IPhone 8 Plus 3GB + 64GB 5.5"" Finger Sensor 4G Smartphone (Refurbishment)-Silver",200692,https://ng.jumia.is/unsafe/fit-in/300x300/filters:fill(white)/product/08/003605/1.jpg?3033,/apple-apple-iphone-8-plus-3gb-64gb-5.5-finger-sensor-4g-smartphonerefurbishment-silver-50630080.html
"Apple IPhone 8 2GB + 64GB 4.7"" Finger Sensor 4G Smartphone (Refurbishment)-Silver",146022,https://ng.jumia.is/unsafe/fit-in/300x300/filters:fill(white)/product/86/003605/1.jpg?5307,/apple-iphone-8-2gb-64gb-4.7-finger-sensor-4g-smartphonerefurbishment-silver-50630068.html
Apple Refurbished Apple IPhone 5s Smartphone 1+16GB 8 MP-Gold,41800,https://ng.jumia.is/unsafe/fit-in/300x300/filters:fill(white)/product/28/722074/1.jpg?4994,/apple-refurbished-apple-iphone-5s-smartphone-116gb-8-mp-gold-47022782.html
"Apple Apple IPhone 8 Plus 3GB + 256GB 5.5"" Finger Sensor 4G Smartphone (Refurbishment)-Black",238447,https://ng.jumia.is/unsafe/fit-in/300x300/filters:fill(white)/product/78/003605/1.jpg?3033,/apple-apple-iphone-8-plus-3gb-256gb-5.5-finger-sensor-4g-smartphonerefurbishment-black-50630087.html
Apple Iphone 8 Plus 64gb Gold Colour With Free Tempered Glass,220000,https://ng.jumia.is/unsafe/fit-in/300x300/filters:fill(white)/product/12/046253/1.jpg?0928,/apple-iphone-8-plus-64gb-gold-colour-with-free-tempered-glass-35264021.html
"Apple IPhone 8 Mobile Phone (256GB ROM, 2GB RAM) 4.7Inch HD IOS 11.0 12MP Smartphone - Silver",178590,https://ng.jumia.is/unsafe/fit-in/300x300/filters:fill(white)/product/59/788391/1.jpg?3524,/apple-iphone-8-mobile-phone-256gb-rom-2gb-ram-4.7inch-hd-ios-11.0-12mp-smartphone-silver-19388795.html
"Apple IPhone 8 Plus 5.5-Inch HD (3GB,64GB ROM) IOS 11, 12MP + 7MP 4G Smartphone 5.5 Inch HD IOS 11.0 12MP 4G Smartphone(Gold)",192100,https://ng.jumia.is/unsafe/fit-in/300x300/filters:fill(white)/product/79/788391/1.jpg?0028,/apple-iphone-8-plus-5.5-inch-hd-3gb64gb-rom-ios-11-12mp-7mp-4g-smartphone-5.5-inch-hd-ios-11.0-12mp-4g-smartphonegold-19388797.html
Apple IPhone 6 - 128GB+1GB -8 MP- 4.7 Inch+4G Network  Refurbished Smart Phones,59500,https://ng.jumia.is/unsafe/fit-in/300x300/filters:fill(white)/product/44/479691/1.jpg?8541,/apple-iphone-6-128gb1gb-8-mp-4.7-inch4g-network-refurbished-smart-phones-19697444.html
Apple IPhone 8 Plus 256GB 5.5 Inch HD IOS 11.0 12MP 4G Smartphone - Gold,241890,https://ng.jumia.is/unsafe/fit-in/300x300/filters:fill(white)/product/76/918091/1.jpg?6709,/apple-iphone-8-plus-256gb-5.5-inch-hd-ios-11.0-12mp-4g-smartphone-gold-19081967.html
"Apple IPhone 8 Smart Phones ,64GB ,Touch ID Dual Back Camera 4G LTE IOS 11",151390,https://ng.jumia.is/unsafe/fit-in/300x300/filters:fill(white)/product/96/869091/1.jpg?3090,/apple-iphone-8-smart-phones-64gb-touch-id-dual-back-camera-4g-lte-ios-11-19096869.html
"Apple IPhone 8 Plus (64GB ROM, 3GB RAM) 5.5 Inch HD IOS 11.0 12MP Smartphone - Gold",192100,https://ng.jumia.is/unsafe/fit-in/300x300/filters:fill(white)/product/81/005172/1.jpg?8627,/apple-iphone-8-plus-64gb-rom-3gb-ram-5.5-inch-hd-ios-11.0-12mp-smartphone-gold-27150018.html
"Apple IPhone 8 4.7-Inch HD (2GB,64GB ROM) IOS 11, 12MP + 7MP 4G Smartphone - Space Grey",564040,https://ng.jumia.is/unsafe/fit-in/300x300/filters:fill(white)/product/03/71178/1.jpg?5308,/iphone-8-64gb-space-grey-apple-mpg120196.html
"Apple Apple IPhone 8 Plus 5.5 Inch 64GB ROM+3GB RAM (Refurbished,Free Gift) 12MP+7MP-Black",193500,https://ng.jumia.is/unsafe/fit-in/300x300/filters:fill(white)/product/68/767765/1.jpg?3366,/apple-apple-iphone-8-plus-5.5-inch-64gb-rom3gb-ram-refurbishedfree-gift-12mp7mp-black-56776786.html
"Apple Apple IPhone 8 Plus 5.5 Inch 256GB ROM+3GB RAM (Refurbished,Free Gift) 12MP+7MP-Red",226600,https://ng.jumia.is/unsafe/fit-in/300x300/filters:fill(white)/product/15/920965/1.jpg?6954,/apple-apple-iphone-8-plus-5.5-inch-256gb-rom3gb-ram-refurbishedfree-gift-12mp7mp-red-56902951.html
"Apple Apple IPhone 8 Plus 5.5 Inch 256GB ROM+3GB RAM (Refurbished,Free Gift) 12MP+7MP-Gold",226600,https://ng.jumia.is/unsafe/fit-in/300x300/filters:fill(white)/product/84/920965/1.jpg?6954,/apple-apple-iphone-8-plus-5.5-inch-256gb-rom3gb-ram-refurbishedfree-gift-12mp7mp-gold-56902948.html
"Apple Apple IPhone 8 4.7 Inch 64GB ROM+2GB RAM (Refurbished,Free Gift) 12MP+7MP-Gold",132100,https://ng.jumia.is/unsafe/fit-in/300x300/filters:fill(white)/product/57/767765/1.jpg?3366,/apple-apple-iphone-8-4.7-inch-64gb-rom2gb-ram-refurbishedfree-gift-12mp7mp-gold-56776775.html
"Apple Apple IPhone 8 4.7 Inch 64GB ROM+2GB RAM (Refurbished,Free Gift) 12MP+7MP-Silver",132100,https://ng.jumia.is/unsafe/fit-in/300x300/filters:fill(white)/product/67/767765/1.jpg?3365,/apple-apple-iphone-8-4.7-inch-64gb-rom2gb-ram-refurbishedfree-gift-12mp7mp-silver-56776776.html
"Apple Apple IPhone 8 4.7 Inch 256GB ROM+2GB RAM (Refurbished,Free Gift) 12MP+7MP-Silver",158600,https://ng.jumia.is/unsafe/fit-in/300x300/filters:fill(white)/product/08/767765/1.jpg?3307,/apple-apple-iphone-8-4.7-inch-256gb-rom2gb-ram-refurbishedfree-gift-12mp7mp-silver-56776780.html
"Apple Apple IPhone 8 4.7 Inch 256GB ROM+2GB RAM (Refurbished,Free Gift) 12MP+7MP-Gold",158600,https://ng.jumia.is/unsafe/fit-in/300x300/filters:fill(white)/product/38/767765/1.jpg?3366,/apple-apple-iphone-8-4.7-inch-256gb-rom2gb-ram-refurbishedfree-gift-12mp7mp-gold-56776783.html
"Apple Apple IPhone 8 Plus 5.5 Inch 256GB ROM+3GB RAM (Refurbished,Free Gift) 12MP+7MP-Silver",226600,https://ng.jumia.is/unsafe/fit-in/300x300/filters:fill(white)/product/05/920965/1.jpg?6954,/apple-apple-iphone-8-plus-5.5-inch-256gb-rom3gb-ram-refurbishedfree-gift-12mp7mp-silver-56902950.html
"Apple Apple IPhone 8 Plus 5.5 Inch 64GB ROM+3GB RAM (Refurbished,Free Gift) 12MP+7MP-Silver",193500,https://ng.jumia.is/unsafe/fit-in/300x300/filters:fill(white)/product/44/920965/1.jpg?6953,/apple-apple-iphone-8-plus-5.5-inch-64gb-rom3gb-ram-refurbishedfree-gift-12mp7mp-silver-56902944.html
"Apple Apple IPhone 8 Plus 5.5 Inch 256GB ROM+3GB RAM (Refurbished,Free Gift) 12MP+7MP-Black",226600,https://ng.jumia.is/unsafe/fit-in/300x300/filters:fill(white)/product/88/767765/1.jpg?3306,/apple-apple-iphone-8-plus-5.5-inch-256gb-rom3gb-ram-refurbishedfree-gift-12mp7mp-black-56776788.html
"Apple Apple IPhone 8 4.7 Inch 256GB ROM+2GB RAM (Refurbished,Free Gift) 12MP+7MP-Black",158600,https://ng.jumia.is/unsafe/fit-in/300x300/filters:fill(white)/product/28/767765/1.jpg?3366,/apple-apple-iphone-8-4.7-inch-256gb-rom2gb-ram-refurbishedfree-gift-12mp7mp-black-56776782.html
"Apple Apple IPhone 8 4.7 Inch 64GB ROM+2GB RAM (Refurbished,Free Gift) 12MP+7MP-Black",132100,https://ng.jumia.is/unsafe/fit-in/300x300/filters:fill(white)/product/77/767765/1.jpg?3366,/apple-apple-iphone-8-4.7-inch-64gb-rom2gb-ram-refurbishedfree-gift-12mp7mp-black-56776777.html
"Apple Apple IPhone 8 4.7 Inch 256GB ROM+2GB RAM (Refurbished,Free Gift) 12MP+7MP-Red",158600,https://ng.jumia.is/unsafe/fit-in/300x300/filters:fill(white)/product/87/767765/1.jpg?3305,/apple-apple-iphone-8-4.7-inch-256gb-rom2gb-ram-refurbishedfree-gift-12mp7mp-red-56776778.html
"Apple Apple IPhone 8 4.7 Inch 64GB ROM+2GB RAM (Refurbished,Free Gift) 12MP+7MP-Red",132100,https://ng.jumia.is/unsafe/fit-in/300x300/filters:fill(white)/product/47/767765/1.jpg?3306,/apple-apple-iphone-8-4.7-inch-64gb-rom2gb-ram-refurbishedfree-gift-12mp7mp-red-56776774.html
"Apple IPhone 8 Plus (256GB ROM, 3GBRAM) 5.5 Inch HD IOS 11.0 12MP Smartphone - Silver",241890,https://ng.jumia.is/unsafe/fit-in/300x300/filters:fill(white)/product/71/005172/1.jpg?8628,/apple-iphone-8-plus-256gb-rom-3gbram-5.5-inch-hd-ios-11.0-12mp-smartphone-silver-27150017.html
"Apple IPhone 8 Mobile Phone (256GB ROM, 2GB RAM) 4.7Inch HD IOS 11.0 12MP Smartphone - Gold",178590,https://ng.jumia.is/unsafe/fit-in/300x300/filters:fill(white)/product/69/788391/1.jpg?3524,/apple-iphone-8-mobile-phone-256gb-rom-2gb-ram-4.7inch-hd-ios-11.0-12mp-smartphone-gold-19388796.html
"Apple IPhone 8 Plus (256GB ROM, 3GBRAM) 5.5 Inch HD IOS 11.0 12MP Smartphone - Gold",241890,https://ng.jumia.is/unsafe/fit-in/300x300/filters:fill(white)/product/91/005172/1.jpg?8627,/apple-iphone-8-plus-256gb-rom-3gbram-5.5-inch-hd-ios-11.0-12mp-smartphone-gold-27150019.html
Apple IPhone 8 Mobile Phone - 64GB - 4.7 Inch IOS 11.0 - 12MP Camera - Smartphone - Gold,151390,https://ng.jumia.is/unsafe/fit-in/300x300/filters:fill(white)/product/39/788391/1.jpg?3524,/apple-iphone-8-mobile-phone-64gb-4.7-inch-ios-11.0-12mp-camera-smartphone-gold-19388793.html
"Apple IPhone 8 Plus 5.5-Inch HD (3GB,256GB ROM) IOS 11, 12MP + 7MP 4G Smartphone 5.5"" HD IOS 11.0 12MP 4G Smartphone - Gray",241890,https://ng.jumia.is/unsafe/fit-in/300x300/filters:fill(white)/product/17/348091/1.jpg?0226,/apple-iphone-8-plus-5.5-inch-hd-3gb256gb-rom-ios-11-12mp-7mp-4g-smartphone-5.5-hd-ios-11.0-12mp-4g-smartphone-gray-19084371.html
Apple IPhone 8 Mobile Phone - 64GB - 4.7 Inch IOS 11.0 - 12MP Camera - Smartphone - Gray,151390,https://ng.jumia.is/unsafe/fit-in/300x300/filters:fill(white)/product/44/666172/1.jpg?5919,/apple-iphone-8-mobile-phone-64gb-4.7-inch-ios-11.0-12mp-camera-smartphone-gray-27166644.html
"Apple IPhone 8 Plus (256GB ROM, 3GBRAM) 5.5 Inch HD IOS 11.0 12MP Smartphone - Gray",241890,https://ng.jumia.is/unsafe/fit-in/300x300/filters:fill(white)/product/42/005172/1.jpg?9291,/apple-iphone-8-plus-256gb-rom-3gbram-5.5-inch-hd-ios-11.0-12mp-smartphone-gray-27150024.html
"Apple IPhone 8 Plus 5.5-Inch HD (3GB, 64GB ROM) IOS 11, 12MP 4G Smartphone - Grey",182000,https://ng.jumia.is/unsafe/fit-in/300x300/filters:fill(white)/product/74/380942/1.jpg?2063,/iphone-8-plus-64gb-smartphone-space-grey-apple-mpg274380.html
Apple IPhone 8 Mobile Phone - 64GB - 4.7 Inch IOS 11.0 - 12MP Camera - Smartphone - Silver,151390,https://ng.jumia.is/unsafe/fit-in/300x300/filters:fill(white)/product/29/788391/1.jpg?3524,/apple-iphone-8-mobile-phone-64gb-4.7-inch-ios-11.0-12mp-camera-smartphone-silver-19388792.html
Apple IPhone 8 Mobile Phone - 64GB - 4.7 Inch IOS 11.0 - 12MP Camera - Smartphone - Gold,151390,https://ng.jumia.is/unsafe/fit-in/300x300/filters:fill(white)/product/31/005172/1.jpg?5919,/apple-iphone-8-mobile-phone-64gb-4.7-inch-ios-11.0-12mp-camera-smartphone-gold-27150013.html
Apple IPhone 8 Mobile Phone - 64GB - 4.7 Inch IOS 11.0 - 12MP Camera - Smartphone - Silver,151390,https://ng.jumia.is/unsafe/fit-in/300x300/filters:fill(white)/product/41/005172/1.jpg?8627,/apple-iphone-8-mobile-phone-64gb-4.7-inch-ios-11.0-12mp-camera-smartphone-silver-27150014.html
"Apple IPhone 8 Plus (64GB ROM, 3GB RAM) 5.5 Inch HD IOS 11.0 12MP Smartphone - Gray",192100,https://ng.jumia.is/unsafe/fit-in/300x300/filters:fill(white)/product/62/005172/1.jpg?8627,/apple-iphone-8-plus-64gb-rom-3gb-ram-5.5-inch-hd-ios-11.0-12mp-smartphone-gray-27150026.html
,,,
,,,
,,,
,,,
,,,
,,,
,,,
,,,
Name,Product,Image,Product link
"Apple IPhone 8 Mobile Phone (256GB ROM, 2GB RAM) 4.7Inch HD IOS 11.0 12MP Smartphone - Gray",178590,https://ng.jumia.is/unsafe/fit-in/300x300/filters:fill(white)/product/49/788391/1.jpg?3524,/apple-iphone-8-mobile-phone-256gb-rom-2gb-ram-4.7inch-hd-ios-11.0-12mp-smartphone-gray-19388794.html
"Apple IPhone 8 Mobile Phone (256GB ROM, 2GB RAM) 4.7Inch HD IOS 11.0 12MP Smartphone - Gray",178590,https://ng.jumia.is/unsafe/fit-in/300x300/filters:fill(white)/product/24/666172/1.jpg?9285,/apple-iphone-8-mobile-phone-256gb-rom-2gb-ram-4.7inch-hd-ios-11.0-12mp-smartphone-gray-27166642.html
"Apple IPhone 8 Mobile Phone (256GB ROM, 2GB RAM) 4.7Inch HD IOS 11.0 12MP Smartphone - Silver",178590,https://ng.jumia.is/unsafe/fit-in/300x300/filters:fill(white)/product/02/005172/1.jpg?8627,/apple-iphone-8-mobile-phone-256gb-rom-2gb-ram-4.7inch-hd-ios-11.0-12mp-smartphone-silver-27150020.html
Apple IPhone 8 Mobile Phone - 64GB - 4.7 Inch IOS 11.0 - 12MP Camera - Smartphone - Gray,151390,https://ng.jumia.is/unsafe/fit-in/300x300/filters:fill(white)/product/19/788391/1.jpg?0028,/apple-iphone-8-mobile-phone-64gb-4.7-inch-ios-11.0-12mp-camera-smartphone-gray-19388791.html
"Apple IPhone 8 Plus Smart Phones ,64GB ,Touch ID Dual Back Camera 4G LTE IOS 11",192100,https://ng.jumia.is/unsafe/fit-in/300x300/filters:fill(white)/product/67/488091/1.jpg?5544,/apple-iphone-8-plus-smart-phones-64gb-touch-id-dual-back-camera-4g-lte-ios-11-19088476.html
Apple IPhone 8 Plus 256GB 5.5 Inch HD IOS 11.0 12MP 4G Smartphone - Silver,241890,https://ng.jumia.is/unsafe/fit-in/300x300/filters:fill(white)/product/42/128091/1.jpg?7381,/apple-iphone-8-plus-256gb-5.5-inch-hd-ios-11.0-12mp-4g-smartphone-silver-19082124.html
"Apple IPhone 8 Mobile Phone (256GB ROM, 2GB RAM) 4.7Inch HD IOS 11.0 12MP Smartphone - Gold",178590,https://ng.jumia.is/unsafe/fit-in/300x300/filters:fill(white)/product/51/005172/1.jpg?4789,/apple-iphone-8-mobile-phone-256gb-rom-2gb-ram-4.7inch-hd-ios-11.0-12mp-smartphone-gold-27150015.html
"Apple IPhone 8 4.7-Inch Fingerprint Sensor HD (2GB,64GB ROM) IOS 11, 12MP + 7MP 4G Smartphone -Silver",195000,https://ng.jumia.is/unsafe/fit-in/300x300/filters:fill(white)/product/50/142872/1.jpg?9982,/iphone-8-4.7-inch-fingerprint-sensor-hd-2gb64gb-rom-ios-11-12mp-7mp-4g-smartphone-silver-apple-mpg803103.html
Apple IPhone 6 Plus 5.5 Inch 1GB + 16GB 8MP + 1.2MP Finger Sensor 4G LTE Smartphone ( Free Gift) – Gold,52899,https://ng.jumia.is/unsafe/fit-in/300x300/filters:fill(white)/product/96/364234/1.jpg?1701,/apple-iphone-6-plus-5.5-inch-1gb-16gb-8mp-1.2mp-finger-sensor-4g-lte-smartphone-free-gift-gold-43246369.html
Apple IPhone 6 4.7 Inch 1GB + 16GB 8MP Finger Sensor 4G Smartphone (Free Gift) – Gold,42899,https://ng.jumia.is/unsafe/fit-in/300x300/filters:fill(white)/product/04/169304/1.jpg?5023,/apple-iphone-6-4.7-inch-1gb-16gb-8mp-finger-sensor-4g-smartphone-free-gift-gold-40396140.html
Apple IPhone 4s 3.5Inch -16GB ROM+512MB RAM-8MP-Black(Gift：accessories)(Refurbished),12000,https://ng.jumia.is/unsafe/fit-in/300x300/filters:fill(white)/product/35/402974/1.jpg?9197,/apple-iphone-4s-3.5inch-16gb-rom512mb-ram-8mp-blackgiftaccessoriesrefurbished-47920453.html
Apple IPhone 6 4.7 Inch 1GB + 16GB 8MP + 1.2MP Finger Sensor 4G LTE Smartphone (Gift) – Silver,42899,https://ng.jumia.is/unsafe/fit-in/300x300/filters:fill(white)/product/33/370852/1.jpg?8914,/iphone-6-4.7-inch-1gb-16gb-8mp-1.2mp-no-finger-sensor-4g-lte-smartphone-gift-silver-apple-mpg850862.html
Apple IPhone 4s 32GB 3.5InchROM+512MB RAM-8MP-Black(Gift：accessories)(Refurbished）,15000,https://ng.jumia.is/unsafe/fit-in/300x300/filters:fill(white)/product/25/337514/1.jpg?3030,/apple-iphone-4s-32gb-3.5inchrom512mb-ram-8mp-blackgiftaccessoriesrefurbished-41573352.html
Apple IPhone 6 Plus 5.5'' 64GB 8MP IOS Smartphone With Fingerprint (Refurbished）- Gold,74005,https://ng.jumia.is/unsafe/fit-in/300x300/filters:fill(white)/product/93/178383/1.jpg?0158,/apple-iphone-6-plus-5.5-64gb-8mp-ios-smartphone-with-fingerprint-refurbished-gold-38387139.html
Apple IPhone 6 Plus 5.5'' 16GB ROM 8MP IOS Smartphone With Fingerprint Sensor(Refurbished)-Gold,63900,https://ng.jumia.is/unsafe/fit-in/300x300/filters:fill(white)/product/82/022093/1.jpg?1817,/apple-iphone-6-plus-5.5-16gb-rom-8mp-ios-smartphone-with-fingerprint-sensorrefurbished-gold-39022028.html
"Apple IPhone 8P 5.5-Inch Fingerprint Sensor HD (3GB,64GB ROM) IOS 11, 12MP + 7MP 4G Smartphone -Red",280100,https://ng.jumia.is/unsafe/fit-in/300x300/filters:fill(white)/product/11/142872/1.jpg?9982,/iphone-8-plus-red-64gb-apple-mpg224584.html
Apple IPhone 6 Plus 5.5'' 64GB 8MP IOS Smartphone With Fingerprint (Refurbished）- Grey,74050,https://ng.jumia.is/unsafe/fit-in/300x300/filters:fill(white)/product/43/178383/1.jpg?0159,/apple-iphone-6-plus-5.5-64gb-8mp-ios-smartphone-with-fingerprint-refurbished-grey-38387134.html
"Apple IPhone 6Plus 5.5-Inch Fingerprint Sensor HD (1GB, 16GB ROM)IOS 1.2 8MP+7MP Smartphone–Silver",69000,https://ng.jumia.is/unsafe/fit-in/300x300/filters:fill(white)/product/09/423082/1.jpg?1784,/iphone-6plus-5.5-inch-fingerprint-sensor-hd-1gb-16gb-romios-1.2-8mp7mp-smartphonesilver-apple-mpg649968.html
Apple IPhone 4s 3.5Inch -16GB ROM+512MB RAM-8MP-Black(Gift：accessories)(Refurbished),12000,https://ng.jumia.is/unsafe/fit-in/300x300/filters:fill(white)/product/05/337514/1.jpg?3030,/apple-iphone-4s-3.5inch-16gb-rom512mb-ram-8mp-blackgiftaccessoriesrefurbished-41573350.html
Apple IPhone 6 4.7 Inch 1GB + 16GB 8MP + 1.2MP Finger Sensor 4G LTE Smartphone (Gift) – Gold,42999,https://ng.jumia.is/unsafe/fit-in/300x300/filters:fill(white)/product/63/016162/1.jpg?5564,/apple-iphone-6-4.7-inch-1gb-16gb-8mp-1.2mp-finger-sensor-4g-lte-smartphone-gift-gold-26161036.html
Apple IPhone 4s Black 8GB Smart Phone -Mobile Phone 3.5-inch Screen (Gift：accessories)(Refurbished),12000,https://ng.jumia.is/unsafe/fit-in/300x300/filters:fill(white)/product/37/711214/1.jpg?1018,/apple-iphone-4s-black-8gb-smart-phone-mobile-phone-3.5-inch-screen-giftaccessoriesrefurbished-41211773.html
Apple IPhone 5C- IOS 16GB 4.0 Inch 4G LTE Siri 8MP Smartphone,26888,https://ng.jumia.is/unsafe/fit-in/300x300/filters:fill(white)/product/27/446514/1.jpg?3704,/apple-iphone-5c-ios-16gb-4.0-inch-4g-lte-siri-8mp-smartphone-41564472.html
Apple IPhone 6 4.7 Inch 1GB + 16 GB 8MP + 1.2MP Finger Sensor 4G LTE Smartphone (Gift) – Gold,41500,https://ng.jumia.is/unsafe/fit-in/300x300/filters:fill(white)/product/72/476694/1.jpg?7531,/apple-iphone-6-4.7-inch-1gb-16-gb-8mp-1.2mp-finger-sensor-4g-lte-smartphone-gift-gold-49667427.html
Apple IPhone 6 4.7 Inch 1GB + 32GB 8MP + 1.2MP Finger Sensor 4G LTE Smartphone (Free Gift) – Grey,42750,https://ng.jumia.is/unsafe/fit-in/300x300/filters:fill(white)/product/16/387954/1.jpg?7793,/apple-iphone-6-4.7-inch-1gb-32gb-8mp-1.2mp-finger-sensor-4g-lte-smartphone-free-gift-grey-45978361.html
Apple IPhone 6 Plus 5.5 Inch 1GB + 16GB 8MP + 1.2MP Finger Sensor 4G LTE Smartphone ( Free Gift) – Gold,57800,https://ng.jumia.is/unsafe/fit-in/300x300/filters:fill(white)/product/13/241893/1.jpg?4288,/apple-iphone-6-plus-5.5-inch-1gb-16gb-8mp-1.2mp-finger-sensor-4g-lte-smartphone-free-gift-gold-39814231.html
Apple IPhone 4s White 8gb Smart Phone- Mobile Phone 3.5-inch Screen (Gift：accessories)(Refurbished）,12000,https://ng.jumia.is/unsafe/fit-in/300x300/filters:fill(white)/product/96/711214/1.jpg?1022,/apple-iphone-4s-white-8gb-smart-phone-mobile-phone-3.5-inch-screen-giftaccessoriesrefurbished-41211769.html
Apple Apple Refurbished IPhone 5C 8GB Green 4G LTE 4-inch Screen (Gift：accessories) Smart Phone-Green,25300,https://ng.jumia.is/unsafe/fit-in/300x300/filters:fill(white)/product/89/302974/1.jpg?3248,/apple-apple-refurbished-iphone-5c-8gb-green-4g-lte-4-inch-screen-giftaccessories-smart-phone-green-47920398.html
"Apple IPhone 6Plus 5.5-Inch Fingerprint Sensor HD (1GB, 16GB ROM)IOS 1.2 8MP+7MP Smartphone–Grey",69000,https://ng.jumia.is/unsafe/fit-in/300x300/filters:fill(white)/product/90/523082/1.jpg?1785,/iphone-6plus-5.5-inch-fingerprint-sensor-hd-1gb-16gb-romios-1.2-8mp7mp-smartphonegrey-apple-mpg983286.html
Apple IPhone 6 4.7 Inch 1GB + 16GB 8MP + 1.2MP Finger Sensor 4G LTE Smartphone (Gift) – Silver,43500,https://ng.jumia.is/unsafe/fit-in/300x300/filters:fill(white)/product/13/476694/1.jpg?7532,/apple-iphone-6-4.7-inch-1gb-16gb-8mp-1.2mp-finger-sensor-4g-lte-smartphone-gift-silver-49667431.html
Apple IPhone 6 4.7 Inch 1GB + 32GB 8MP + 1.2MP Finger Sensor 4G LTE Smartphone (Free Gift) – Silver,47800,https://ng.jumia.is/unsafe/fit-in/300x300/filters:fill(white)/product/04/142624/1.jpg?1909,/apple-iphone-6-4.7-inch-1gb-32gb-8mp-1.2mp-finger-sensor-4g-lte-smartphone-free-gift-silver-42624140.html
Apple IPhone 6 4.7 Inch 1GB + 32GB 8MP + 1.2MP Finger Sensor 4G LTE Smartphone (Free Gift) – Grey,45000,https://ng.jumia.is/unsafe/fit-in/300x300/filters:fill(white)/product/20/382705/1.jpg?3675,/apple-iphone-6-4.7-inch-1gb-32gb-8mp-1.2mp-finger-sensor-4g-lte-smartphone-free-gift-grey-50728302.html
Apple IPhone 5 - 16G+1G - 4.0 Inch Screen - 8MP Pixel Smart Phone,20400,https://ng.jumia.is/unsafe/fit-in/300x300/filters:fill(white)/product/44/324993/1.jpg?4750,/apple-iphone-5-16g1g-4.0-inch-screen-8mp-pixel-smart-phone-39942344.html
Apple IPhone 6 4.7 Inch 1GB + 32GB 8MP + 1.2MP Finger Sensor 4G LTE Smartphone (Free Gift) – Gold,47907,https://ng.jumia.is/unsafe/fit-in/300x300/filters:fill(white)/product/66/387954/1.jpg?7824,/apple-iphone-6-4.7-inch-1gb-32gb-8mp-1.2mp-finger-sensor-4g-lte-smartphone-free-gift-gold-45978366.html
Apple IPhone 5S-16G+1G - 4.0 Inch Screen-8MP Pixel Refurbished 4G LTE ( Gift ) Smart Phone-Gold,27700,https://ng.jumia.is/unsafe/fit-in/300x300/filters:fill(white)/product/53/072262/1.jpg?1376,/iphone-5s-16g1g-4.0-inch-screen-8mp-pixel-refurbished-4g-lte-gift-smart-phone-gold-apple-mpg636152.html
Apple IPhone 4s White 8gb Smart Phone Mobile Phone 3.5-inch Screen (Gift：accessories),13200,https://ng.jumia.is/unsafe/fit-in/300x300/filters:fill(white)/product/25/884193/1.jpg?2923,/apple-iphone-4s-white-8gb-smart-phone-mobile-phone-3.5-inch-screen-giftaccessories-39148852.html
Apple IPhone 4S 3.5 Inches 16GB GSM 8MP WIFI GPS IOS SmartPhones Free  Shipping,15300,https://ng.jumia.is/unsafe/fit-in/300x300/filters:fill(white)/product/66/446514/1.jpg?2290,/apple-iphone-4s-3.5-inches-16gb-gsm-8mp-wifi-gps-ios-smartphones-free-shipping-41564466.html
Apple IPhone 4s Black 8GB Smart Phone Mobile Phone 3.5-inch Screen (Gift：accessories),12500,https://ng.jumia.is/unsafe/fit-in/300x300/filters:fill(white)/product/15/884193/1.jpg?2921,/apple-iphone-4s-black-8gb-smart-phone-mobile-phone-3.5-inch-screen-giftaccessories-39148851.html
"Apple IPhone 6Plus 5.5-Inch  Fingerprint Sensor HD (1GB, 16GB ROM) IOS 1.2 8MP+7MP Smartphone–Gold",69000,https://ng.jumia.is/unsafe/fit-in/300x300/filters:fill(white)/product/55/323082/1.jpg?4099,/iphone-6plus-5.5-inch-fingerprint-sensor-hd-1gb-16gb-rom-ios-1.2-8mp7mp-smartphonegold-apple-mpg1115561.html
Apple IPhone 5  1GB RAM+16GB ROM 4.0 Inch 8MP+1.2MP,19400,https://ng.jumia.is/unsafe/fit-in/300x300/filters:fill(white)/product/25/122414/1.jpg?6524,/apple-iphone-5-1gb-ram16gb-rom-4.0-inch-8mp1.2mp-41422152.html
Apple IPhone 4s 3.5Inch 32GB - ROM+512MB RAM-8MP-White(Gift：accessories)(Refurbished）,15000,https://ng.jumia.is/unsafe/fit-in/300x300/filters:fill(white)/product/15/337514/1.jpg?3030,/apple-iphone-4s-3.5inch-32gb-rom512mb-ram-8mp-whitegiftaccessoriesrefurbished-41573351.html
,,,
,,,
,,,
,,,
,,,
,,,
,,,
,,,
Name,Product,Image,Product link
Apple IPhone 6 Plus 5.5'' 16GB ROM 8MP IOS Smartphone With Fingerprint Sensor(Refurbished)-Grey,63900,https://ng.jumia.is/unsafe/fit-in/300x300/filters:fill(white)/product/92/022093/1.jpg?0834,/apple-iphone-6-plus-5.5-16gb-rom-8mp-ios-smartphone-with-fingerprint-sensorrefurbished-grey-39022029.html
Apple IPhone 6 4.7 Inch 1GB + 16GB 8MP + 1.2MP Finger Sensor 4G LTE Smartphone (Gift),53790,https://ng.jumia.is/unsafe/fit-in/300x300/filters:fill(white)/product/83/759534/1.jpg?3805,/apple-iphone-6-4.7-inch-1gb-16gb-8mp-1.2mp-finger-sensor-4g-lte-smartphone-gift-43595738.html
"Apple IPhone 8P 5.5-Inch Fingerprint Sensor HD (3GB,256GB ROM) IOS 11, 12MP + 7MP 4G Smartphone -Gold",320000,https://ng.jumia.is/unsafe/fit-in/300x300/filters:fill(white)/product/90/142872/1.jpg?9982,/iphone-8p-5.5-inch-fingerprint-sensor-hd-3gb256gb-rom-ios-11-12mp-7mp-4g-smartphone-gold-apple-mpg798130.html
Apple IPhone 5C 8GB Blue 4G LTE  4-inch Screen (Gift：accessories) Smart Phone,25100,https://ng.jumia.is/unsafe/fit-in/300x300/filters:fill(white)/product/00/984193/1.jpg?2969,/apple-iphone-5c-8gb-blue-4g-lte-4-inch-screen-giftaccessories-smart-phone-39148900.html
Apple IPhone 5S-16G+1G - 4.0 Inch Screen-8MP Pixel Refurbished 4G LTE ( Gift ) Smart Phone-Black,41990,https://ng.jumia.is/unsafe/fit-in/300x300/filters:fill(white)/product/35/505342/1.jpg?3561,/apple-iphone-5s-16g1g-4.0-inch-screen-8mp-pixel-refurbished-4g-lte-gift-smart-phone-black-24350553.html
"Apple IPhone 6 4.7-Inch  Fingerprint Sensor HD (1GB, 16GB ROM) IOS 1.2 8MP+7MP Smartphone–Gold",44800,https://ng.jumia.is/unsafe/fit-in/300x300/filters:fill(white)/product/10/087342/1.jpg?7512,/iphone-6-4.7-inch-fingerprint-sensor-hd-1gb-16gb-rom-ios-1.2-8mp7mp-smartphonegold-apple-mpg884427.html
Apple IPhone 5S-32G+1G - 4.0 Inch Screen-8MP Pixel Refurbished 4G LTE ( Gift ) Smart Phone-Gold,48690,https://ng.jumia.is/unsafe/fit-in/300x300/filters:fill(white)/product/52/205572/1.jpg?1457,/apple-iphone-5s-32g1g-4.0-inch-screen-8mp-pixel-refurbished-4g-lte-gift-smart-phone-gold-27550225.html
Apple IPhone 5S-16G+1G - 4.0 Inch Screen-8MP Pixel Refurbished 4G LTE ( Gift ) Smart Phone-Black,27700,https://ng.jumia.is/unsafe/fit-in/300x300/filters:fill(white)/product/63/072262/1.jpg?1376,/apple-iphone-5s-16g1g-4.0-inch-screen-8mp-pixel-refurbished-4g-lte-gift-smart-phone-black-26227036.html
Apple IPhone 5S-32G+1G - 4.0 Inch Screen-8MP Pixel Refurbished 4G LTE ( Gift ) Smart Phone-Silver,48690,https://ng.jumia.is/unsafe/fit-in/300x300/filters:fill(white)/product/98/845342/1.jpg?8517,/apple-iphone-5s-32g1g-4.0-inch-screen-8mp-pixel-refurbished-4g-lte-gift-smart-phone-silver-24354889.html
"Apple IPhone 6 4.7-Inch  Fingerprint Sensor HD (1GB, 16GB ROM) IOS 1.2 8MP+7MP Smartphone–Black",44800,https://ng.jumia.is/unsafe/fit-in/300x300/filters:fill(white)/product/01/380442/1.jpg?3759,/iphone-6-4.7-inch-fingerprint-sensor-hd-1gb-16gb-rom-ios-1.2-8mp7mp-smartphoneblack-apple-mpg1067944.html
Apple IPhone 6 Mobile Phone 16GB 4.7 Inch IOS 8.0 Apple A8+M8 Dual Core Up To 1.4GHz Smartphone(Silver),76020,https://ng.jumia.is/unsafe/fit-in/300x300/filters:fill(white)/product/39/569443/1.jpg?5843,/apple-iphone-6-mobile-phone-16gb-4.7-inch-ios-8.0-apple-a8m8-dual-core-up-to-1.4ghz-smartphonesilver-34496593.html
Apple IPhone 4s Phone 3.5'' 16GB 8MP IOS Smart Phone Facebook,15300,https://ng.jumia.is/unsafe/fit-in/300x300/filters:fill(white)/product/77/446514/1.jpg?3186,/apple-iphone-4s-phone-3.5-16gb-8mp-ios-smart-phone-facebook-41564477.html
Apple IPhone 5C-16G ROM+1G RAM - 4.0 Inch Screen-8MP Pixel Refurbished 4G LTE ( Gift ) Smart Phone-Blue,56000,https://ng.jumia.is/unsafe/fit-in/300x300/filters:fill(white)/product/54/072262/1.jpg?1376,/apple-iphone-5c-16g-rom1g-ram-4.0-inch-screen-8mp-pixel-refurbished-4g-lte-gift-smart-phone-blue-26227045.html
"Apple IPhone 8P 5.5-Inch Fingerprint Sensor HD (3GB,256GB ROM) IOS 11, 12MP + 7MP 4G Smartphone -Red",320000,https://ng.jumia.is/unsafe/fit-in/300x300/filters:fill(white)/product/80/536652/1.jpg?5159,/apple-iphone-8p-5.5-inch-fingerprint-sensor-hd-3gb256gb-rom-ios-11-12mp-7mp-4g-smartphone-red-25663508.html
Apple IPhone 5C-16G ROM+1G RAM - 4.0 Inch Screen-8MP Pixel Refurbished 4G LTE ( Gift ) Smart Phone-white,56000,https://ng.jumia.is/unsafe/fit-in/300x300/filters:fill(white)/product/56/152262/1.jpg?9430,/apple-iphone-5c-16g-rom1g-ram-4.0-inch-screen-8mp-pixel-refurbished-4g-lte-gift-smart-phone-white-26225165.html
"Apple IPhone 6 4.7-Inch  Fingerprint Sensor HD (1GB, 64GB ROM) IOS 1.2 8MP+7MP Smartphone–Gold",79000,https://ng.jumia.is/unsafe/fit-in/300x300/filters:fill(white)/product/24/005572/1.jpg?1608,/iphone-6-4.7-inch-fingerprint-sensor-hd-1gb-64gb-rom-ios-1.2-8mp7mp-smartphonegold-apple-mpg849062.html
Apple IPhone 5 4.0Inch 16GB ROM+1GB RAM 8MP+1.2MP 95% New,19400,https://ng.jumia.is/unsafe/fit-in/300x300/filters:fill(white)/product/00/546514/1.jpg?7249,/apple-iphone-5-4.0inch-16gb-rom1gb-ram-8mp1.2mp-95-new-41564500.html
Apple Apple Iphone 5 32gb +1GB RAM 8MP+1.2MPSmart Phone Mobile Phone 4-inch Screen(Gift：accessories),44152,https://ng.jumia.is/unsafe/fit-in/300x300/filters:fill(white)/product/71/224354/1.jpg?8431,/apple-apple-iphone-5-32gb-1gb-ram-8mp1.2mpsmart-phone-mobile-phone-4-inch-screengiftaccessories-45342217.html
Apple Apple IPhone 6 4.7 Inch 1GB + 16GB 8MP + 1.2MP Finger Sensor 4G LTE Smartphone (Gift),53790,https://ng.jumia.is/unsafe/fit-in/300x300/filters:fill(white)/product/94/659534/1.jpg?3806,/apple-apple-iphone-6-4.7-inch-1gb-16gb-8mp-1.2mp-finger-sensor-4g-lte-smartphone-gift-43595649.html
"Apple IPhone 6 1GB+16GB 4.7"" Fingerprint 8MP+1.2MP Camera(Refurbished)-Space Gray",57646,https://ng.jumia.is/unsafe/fit-in/300x300/filters:fill(white)/product/99/843244/1.jpg?3188,/apple-iphone-6-1gb16gb-4.7-fingerprint-8mp1.2mp-camerarefurbished-space-gray-44234899.html
Apple IPhone 5S-16G+1G - 4.0 Inch Screen-8MP Pixel(Refurbished)4G LTE ( Gift ) Smart Phone-Pink,27700,https://ng.jumia.is/unsafe/fit-in/300x300/filters:fill(white)/product/73/072262/1.jpg?1376,/apple-iphone-5s-16g1g-4.0-inch-screen-8mp-pixelrefurbished4g-lte-gift-smart-phone-pink-26227037.html
Apple Apple Brand IPhone 6 Plus 64GB 5.5 Inch IOS 8.0 Apple A8+M8 Dual Core Up To 1.4GHz Smartphone(Grey),94000,https://ng.jumia.is/unsafe/fit-in/300x300/filters:fill(white)/product/69/879443/1.jpg?1225,/apple-apple-brand-iphone-6-plus-64gb-5.5-inch-ios-8.0-apple-a8m8-dual-core-up-to-1.4ghz-smartphonegrey-34497896.html
Apple IPhone 5s 4.0-Inch 32GB ROM+1GB RAM (Refurbished) 8MP+1.2MP-Gold,38900,https://ng.jumia.is/unsafe/fit-in/300x300/filters:fill(white)/product/83/216143/1.jpg?3719,/apple-iphone-5s-4.0-inch-32gb-rom1gb-ram-refurbished-8mp1.2mp-gold-34161238.html
"Apple IPhone 6 1GB+16GB 4.7"" Fingerprint 8MP+1.2MP Camera(Refurbished)-Silver",57646,https://ng.jumia.is/unsafe/fit-in/300x300/filters:fill(white)/product/89/843244/1.jpg?3249,/apple-iphone-6-1gb16gb-4.7-fingerprint-8mp1.2mp-camerarefurbished-silver-44234898.html
Apple Apple IPhone 6 Mobile Phone - 64GB - 4.7 Inch 8.0MP - Apple Smartphone - Grey,84570,https://ng.jumia.is/unsafe/fit-in/300x300/filters:fill(white)/product/18/769443/1.jpg?7355,/apple-apple-iphone-6-mobile-phone-64gb-4.7-inch-8.0mp-apple-smartphone-grey-34496781.html
"Apple IPhone 6Plus 5.5-Inch Fingerprint Sensor HD (1GB, 64GB ROM) IOS 1.2 8MP+7MP Smartphone–Silver",79990,https://ng.jumia.is/unsafe/fit-in/300x300/filters:fill(white)/product/27/827472/1.jpg?4358,/iphone-6plus-5.5-inch-fingerprint-sensor-hd-1gb-64gb-rom-ios-1.2-8mp7mp-smartphonesilver-apple-mpg891190.html
"Apple IPhone 6Plus 5.5-Inch  Fingerprint Sensor HD (1GB, 128GB ROM) IOS 1.2 8MP+7MP Smartphone–Gold",135990,https://ng.jumia.is/unsafe/fit-in/300x300/filters:fill(white)/product/47/827472/1.jpg?4103,/iphone-6plus-5.5-inch-fingerprint-sensor-hd-1gb-128gb-rom-ios-1.2-8mp7mp-smartphonegold-apple-mpg655829.html
Apple IPhone 4s 3.5Inch 16GB ROM+512MB RAM-8MP Ios Phone,15300,https://ng.jumia.is/unsafe/fit-in/300x300/filters:fill(white)/product/36/446514/1.jpg?2290,/apple-iphone-4s-3.5inch-16gb-rom512mb-ram-8mp-ios-phone-41564463.html
Apple IPhone 5 4.0Inch 16GB ROM+1GB RAM 8MP+1.2MP 95% New,19400,https://ng.jumia.is/unsafe/fit-in/300x300/filters:fill(white)/product/10/546514/1.jpg?3184,/apple-iphone-5-4.0inch-16gb-rom1gb-ram-8mp1.2mp-95-new-41564501.html
Apple IPhone 5C-32G ROM+1G RAM - 4.0 Inch Screen-8MP Pixel Refurbished 4G LTE ( Gift ) Smart Phone-Blue,65940,https://ng.jumia.is/unsafe/fit-in/300x300/filters:fill(white)/product/31/555362/1.jpg?4859,/apple-iphone-5c-32g-rom1g-ram-4.0-inch-screen-8mp-pixel-refurbished-4g-lte-gift-smart-phone-blue-26355513.html
Apple IPhone 5S - IOS 12 - 4.0 Inch Screen - 32G+1G - 8MP  Refurbished Smart Phones,29500,https://ng.jumia.is/unsafe/fit-in/300x300/filters:fill(white)/product/96/557502/1.jpg?5029,/iphone-5s-ios-12-4.0-inch-screen-32g1g-8mp-refurbished-smart-phones-apple-mpg886047.html
Apple IPhone 5S-32G+1G - 4.0 Inch Screen-8MP Pixel Refurbished 4G LTE ( Gift ) Smart Phone-Silver,48690,https://ng.jumia.is/unsafe/fit-in/300x300/filters:fill(white)/product/61/205572/1.jpg?1457,/iphone-5s-32g1g-4.0-inch-screen-8mp-pixel-refurbished-4g-lte-gift-smart-phone-silver-apple-mpg966630.html
Apple IPhone 5C-32G ROM+1G RAM - 4.0 Inch Screen-8MP Pixel Refurbished 4G LTE ( Gift ) Smart Phone-pink,65920,https://ng.jumia.is/unsafe/fit-in/300x300/filters:fill(white)/product/64/053572/1.jpg?9890,/iphone-5c-32g-rom1g-ram-4.0-inch-screen-8mp-pixel-refurbished-4g-lte-gift-smart-phone-pink-apple-mpg843461.html
Apple IPhone 4s Phone 3.5'' 16GB 8MP Smart Phone IOS 95% New,15300,https://ng.jumia.is/unsafe/fit-in/300x300/filters:fill(white)/product/69/446514/1.jpg?7249,/apple-iphone-4s-phone-3.5-16gb-8mp-smart-phone-ios-95-new-41564496.html
Apple Apple Brand IPhone 6 Plus 128GB 5.5 Inch IOS 8.0 Apple A8+M8 Dual Core Up To 1.4GHz Smartphone(Silver),99500,https://ng.jumia.is/unsafe/fit-in/300x300/filters:fill(white)/product/26/889443/1.jpg?4740,/apple-apple-brand-iphone-6-plus-128gb-5.5-inch-ios-8.0-apple-a8m8-dual-core-up-to-1.4ghz-smartphonesilver-34498862.html
"Apple IPhone 8P 5.5-Inch Fingerprint Sensor HD (3GB,256GB ROM) IOS 11, 12MP + 7MP 4G Smartphone -Gold",320000,https://ng.jumia.is/unsafe/fit-in/300x300/filters:fill(white)/product/77/236652/1.jpg?4762,/apple-iphone-8p-5.5-inch-fingerprint-sensor-hd-3gb256gb-rom-ios-11-12mp-7mp-4g-smartphone-gold-25663277.html
Apple IPhone 5C 8GB Blue 4G   4-inch Screen (Gift：accessories) Smart Phone(Refurbished）,24500,https://ng.jumia.is/unsafe/fit-in/300x300/filters:fill(white)/product/70/031214/1.jpg?1606,/apple-iphone-5c-8gb-blue-4g-4-inch-screen-giftaccessories-smart-phonerefurbished-41213007.html
Apple IPhone 5S-32G+1G - 4.0 Inch Screen-8MP Pixel(Refurbished)4G LTE ( Gift ) Smart Phone-Pink,48690,https://ng.jumia.is/unsafe/fit-in/300x300/filters:fill(white)/product/22/718942/1.jpg?3493,/apple-iphone-5s-32g1g-4.0-inch-screen-8mp-pixelrefurbished4g-lte-gift-smart-phone-pink-24981722.html
"Apple IPhone 6 4.7-Inch  Fingerprint Sensor HD (1GB, 128GB ROM) IOS 1.2 8MP+7MP Smartphone–Silver",123900,https://ng.jumia.is/unsafe/fit-in/300x300/filters:fill(white)/product/54/005572/1.jpg?1608,/iphone-6-4.7-inch-fingerprint-sensor-hd-1gb-128gb-rom-ios-1.2-8mp7mp-smartphonesilver-apple-mpg866023.html
Apple IPhone 5S-16G+1G - 4.0 Inch Screen-8MP Pixel Refurbished 4G LTE ( Gift ) Smart Phone-Silver,36000,https://ng.jumia.is/unsafe/fit-in/300x300/filters:fill(white)/product/21/205342/1.jpg?2224,/apple-iphone-5s-16g1g-4.0-inch-screen-8mp-pixel-refurbished-4g-lte-gift-smart-phone-silver-24350212.html
,,,
,,,
,,,
,,,
,,,
,,,
,,,
,,,
